Variant,MutationResidue,Domain
Alpha[B.1.1.7],68,NTD
Alpha[B.1.1.7],144,NTD
Alpha[B.1.1.7],501,RBD
Alpha[B.1.1.7],570,
Alpha[B.1.1.7],681,
Alpha[B.1.1.7],716,
Alpha[B.1.1.7],982,HR1
Alpha[B.1.1.7],1118,
Beta[B.1.351],80,NTD
Beta[B.1.351],215,NTD
Beta[B.1.351],417,RBD
Beta[B.1.351],484,RBD
Beta[B.1.351],501,RBD
Beta[B.1.351],701,
Delta[B.1.617.2],19,NTD
Delta[B.1.617.2],77,NTD
Delta[B.1.617.2],142,NTD
Delta[B.1.617.2],156,NTD
Delta[B.1.617.2],452,RBD
Delta[B.1.617.2],478,RBD
Delta[B.1.617.2],484,RBD
Delta[B.1.617.2],681,
Delta[B.1.617.2],950,HR1
Gamma[P.1],18,NTD
Gamma[P.1],20,NTD
Gamma[P.1],26,NTD
Gamma[P.1],138,NTD
Gamma[P.1],190,NTD
Gamma[P.1],417,RBD
Gamma[P.1],484,RBD
Gamma[P.1],501,RBD
Gamma[P.1],655,
Gamma[P.1],1027,
Gamma[P.1],1176,HR2
Omicron[B.1.1.592],67,NTD
Omicron[B.1.1.592],69,NTD
Omicron[B.1.1.592],70,NTD
Omicron[B.1.1.592],95,NTD
Omicron[B.1.1.592],142,NTD
Omicron[B.1.1.592],143,NTD
Omicron[B.1.1.592],144,NTD
Omicron[B.1.1.592],145,NTD
Omicron[B.1.1.592],211,NTD
Omicron[B.1.1.592],339,RBD
Omicron[B.1.1.592],371,RBD
Omicron[B.1.1.592],373,RBD
Omicron[B.1.1.592],375,RBD
Omicron[B.1.1.592],417,RBD
Omicron[B.1.1.592],440,RBD
Omicron[B.1.1.592],446,RBD
Omicron[B.1.1.592],477,RBD
Omicron[B.1.1.592],478,RBD
Omicron[B.1.1.592],484,RBD
Omicron[B.1.1.592],493,RBD
Omicron[B.1.1.592],496,RBD
Omicron[B.1.1.592],498,RBD
Omicron[B.1.1.592],501,RBD
Omicron[B.1.1.592],505,RBD
Omicron[B.1.1.592],547,
Omicron[B.1.1.592],614,
Omicron[B.1.1.592],655,
Omicron[B.1.1.592],679,
Omicron[B.1.1.592],681,
Omicron[B.1.1.592],764,
Omicron[B.1.1.592],796,FP
Omicron[B.1.1.592],856,
Omicron[B.1.1.592],954,HR1
Omicron[B.1.1.592],969,HR1
Omicron[B.1.1.592],981,HR1
